stock,weight,q
AAPL,0.11512879031615868,10
AMZN,0.08808323766694735,10
AVGO,0.08491967792124841,10
BRK-B,0.1245981829930058,10
GOOG,0.08550388862969156,10
JNJ,0.09472672301898995,10
MA,0.09006053256291587,10
MS,0.09515641972303225,10
MSFT,0.11154092404575126,10
PG,0.1102816231222588,10
