stock,weight,q
AAPL,0.12412346715911889,15
ACN,0.06501393646871262,15
AMZN,0.07434344689736179,15
BMY,0.046764184998111274,15
BRK-B,0.08759655983555523,15
COST,0.04474947456811568,15
GOOG,0.07796358903763119,15
JPM,0.06757424192924766,15
MS,0.0561623409607519,15
MSFT,0.060414146067047515,15
NVDA,0.05375823636063936,15
PEP,0.07414171210274662,15
PM,0.04776783573595355,15
V,0.06905370112411989,15
VZ,0.050573126754886906,15
